{"args": {"type": "factorial hidden markov models"}, "loss": 0.9945175438596491, "metrics": {"recall_score": 0.9945175438596491, "precision_score": 0.36825010150223303, "accuracy_score": 0.42568064753495216, "f1_score": 0.5374814814814814, "mean_absolute_error": 157.249350622088, "mean_squared_error": 32495.56260265257, "relative_error_in_total_energy": 0.7015749898798841, "nad": 1.5467965389463583, "disaggregation_accuracy": 0.6429972143410999}, "time_taken": "6.71", "epochs": null, "status": "ok", "order": 3}
{"args": {"criterion": "mae", "min_samples_split": 189.0, "n_estimators": 59.0, "type": "random forest"}, "loss": 0.9574468085106383, "metrics": {"accuracy_score": 0.9269311064718163, "f1_score": 0.8955223880597015, "precision_score": 0.8411214953271028, "recall_score": 0.9574468085106383, "mean_absolute_error": 19.27440052840782, "mean_squared_error": 3379.8490530760787, "relative_error_in_total_energy": 0.043919713332384695, "nad": 0.5328584597445524, "disaggregation_accuracy": 0.8642661717545417}, "time_taken": "67.99", "epochs": null, "status": "ok", "order": 4}
